</PmtInfId>
<PmtMtd>TRF</PmtMtd>
<NbOfTxs>4</NbOfTxs>
<CtrlSum>4.00</CtrlSum>
<ReqdExctnDt>2015-01-01</ReqdExctnDt>
<Dbtr>
<Nm>NBC Universal GN UK Ltd</Nm>
<PstlAdr>
<Ctry>GB</Ctry>
<AdrLine>London</AdrLine>
</PstlAdr>
<Id>
<OrgId>
<Othr>
<Id>123456</Id>
</Othr>
</OrgId>
</Id>
</Dbtr>
<DbtrAcct>
<Id>
<IBAN>GB36BARC21111116556744</IBAN>
</Id>
<Ccy>GBP</Ccy>
</DbtrAcct>
<DbtrAgt>
<FinInstnId>
<BIC>BARCGB44</BIC>
<PstlAdr>
<Ctry>GB</Ctry>
</PstlAdr>
</FinInstnId>
</DbtrAgt>