</EndToEndId>
</PmtId>
<Amt>
<InstdAmt Ccy="GBP">1</InstdAmt>
</Amt>
<ChrgBr>SLEV</ChrgBr>
<CdtrAgt>
<FinInstnId>
<BIC>BARCGBNN</BIC>
<PstlAdr>
<Ctry>GB</Ctry>
</PstlAdr>
</FinInstnId>
</CdtrAgt>
<Cdtr>
<Nm>SITDakotaUK1</Nm>
<PstlAdr>
<StrtNm>Fauntleory Circus</StrtNm>
<BldgNb>A4</BldgNb>
<PstCd>W1CV 2NN</PstCd>
<TwnNm>London</TwnNm>
<Ctry>GB</Ctry>
</PstlAdr>
</Cdtr>
<CdtrAcct>
<Id>
<IBAN>GB67BARC20000055000002</IBAN>
</Id>
<Ccy>GBP</Ccy>
</CdtrAcct>
<Purp>
<Cd>CINV</Cd>
</Purp>
<RmtInf>
<Strd>
<CdtrRefInf>
<Ref>LIC0001</Ref>
</CdtrRefInf>
</Strd>
</RmtInf>
</CdtTrfTxInf>