1,err_cde,String,2
2,add_mtch_sucss,String,1
3,rfrnc,String,40
4,err_msg,String,75
5,scr_prd_1,String,7
6,sgn_1,String,1
7,scr_1,Numeric,4
8,scr_prd_2,String,7
9,sgn_2,String,1
10,scr_2,Numeric,4
11,scr_prd_3,String,7
12,sgn_3,String,1
13,scr_3,Numeric,4
14,scr_prd_4,String,7
15,sgn_4,String,1
16,scr_4,Numeric,4
17,scr_prd_5,String,7
18,sgn_5,String,1
19,scr_5,Numeric,4
20,scr_prd_6,String,7
21,sgn_6,String,1
22,scr_6,Numeric,4
23,scr_prd_7,String,7
24,sgn_7,String,1
25,scr_7,Numeric,4
26,scr_prd_8,String,7
27,sgn_8,String,1
28,scr_8,Numeric,4
29,scr_prd_9,String,7
30,sgn_9,String,1
31,scr_9,Numeric,4
32,scr_prd_10,String,7
33,sgn_10,String,1
34,scr_10,Numeric,4
35,scr_prd_11,String,7
36,sgn_11,String,1
37,scr_11,Numeric,4
38,scr_prd_12,String,7
39,sgn_12,String,1
40,scr_12,Numeric,4
41,scr_prd_13,String,7
42,sgn_13,String,1
43,scr_13,Numeric,4
44,scr_prd_14,String,7
45,sgn_14,String,1
46,scr_14,Numeric,4
47,scr_prd_15,String,7
48,sgn_15,String,1
49,scr_15,Numeric,4
50,scr_prd_16,String,7
51,sgn_16,String,1
52,scr_16,Numeric,4
53,scr_prd_17,String,7
54,sgn_17,String,1
55,scr_17,Numeric,4
56,scr_prd_18,String,7
57,sgn_18,String,1
58,scr_18,Numeric,4
59,scr_prd_19,String,7
60,sgn_19,String,1
61,scr_19,Numeric,4
62,scr_prd_20,String,7
63,sgn_20,String,1
64,scr_20,Numeric,4
65,scr_prd_21,String,7
66,sgn_21,String,1
67,scr_21,Numeric,4
68,scr_prd_22,String,7
69,sgn_22,String,1
70,scr_22,Numeric,4
71,scr_prd_23,String,7
72,sgn_23,String,1
73,scr_23,Numeric,4
74,scr_prd_24,String,7
75,sgn_24,String,1
76,scr_24,Numeric,4
77,scr_prd_25,String,7
78,sgn_25,String,1
79,scr_25,Numeric,4
80,scr_prd_26,String,7
81,sgn_26,String,1
82,scr_26,Numeric,4
83,scr_prd_27,String,7
84,sgn_27,String,1
85,scr_27,Numeric,4
86,A_C13 ,String,1
87,A_E101,String,2
88,A_N101,String,2
89,AAC200,String,4
90,AAC202,String,6
91,AAC203,String,9
92,AAC204,String,9
93,AAC205,String,2
94,AAC206,String,2
95,AAC207,String,2
96,AAC210,String,2
97,AAC213,String,3
98,AAE200,String,4
99,AAE202,String,6
100,AAE203,String,9
101,AAE204,String,9
102,AAE205,String,2
103,AAE206,String,2
104,AAE207,String,2
105,AAE210,String,2
106,AAE213,String,3
107,AAN200,String,4
108,AAN202,String,6
109,AAN203,String,9
110,AAN204,String,9
111,AAN205,String,2
112,AAN206,String,2
113,AAN207,String,2
114,AAN210,String,2
115,AAN213,String,3
116,DSC1,String,1
117,DSE1,String,1
118,ASC200,String,4
119,ASC201,String,5
120,ASC202,String,6
121,ASC203,String,9
122,ASC204,String,9
123,ASC205,String,2
124,ASC206,String,2
125,ASC207,String,2
126,ASC208,String,2
127,ASC209,String,2
128,ASC210,String,2
129,ASC213,String,3
130,ASE200,String,4
131,ASE201,String,5
132,ASE202,String,6
133,ASE203,String,9
134,ASE204,String,9
135,ASE205,String,2
136,ASE206,String,2
137,ASE207,String,2
138,ASE208,String,2
139,ASE209,String,2
140,ASE210,String,2
141,ASE213,String,3
142,ASN200,String,4
143,ASN201,String,5
144,ASN202,String,6
145,ASN203,String,9
146,ASN204,String,9
147,ASN205,String,2
148,ASN206,String,2
149,ASN207,String,2
150,ASN208,String,2
151,ASN209,String,2
152,ASN210,String,2
153,ASN213,String,3
154,DSN1,String,1
155,DUM060,String,1
156,BAC001,String,3
157,BAC002,String,3
158,BAC003,String,3
159,BAC004,String,3
160,BAC011,String,9
161,BAC012,String,9
162,BAC013,String,9
163,BAC014,String,9
164,BAC015,String,9
165,BAC016,String,9
166,BAC017,String,9
167,BAC018,String,9
168,BAC019,String,9
169,BAC020,String,9
170,BAC021,String,9
171,BAC022,String,3
172,BAC023,String,3
173,BAC024,String,3
174,BAC025,String,3
175,BAC026,String,3
176,BAC027,String,3
177,BAC028,String,3
178,BAC029,String,3
179,BAC030,String,3
180,BAC031,String,3
181,BAC032,String,3
182,BAC033,String,9
183,BAC034,String,9
184,BAC035,String,9
185,BAC036,String,9
186,BAC037,String,9
187,BAC038,String,9
188,BAC039,String,9
189,BAC040,String,9
190,BAC041,String,9
191,BAC042,String,9
192,BAC043,String,9
193,BAC044,String,3
194,BAC045,String,3
195,BAC046,String,3
196,BAC047,String,9
197,BAC048,String,9
198,BAC049,String,9
199,BAC050,String,9
200,BAC051,String,9
201,BAC052,String,9
202,BAC053,String,9
203,BAC054,String,9
204,BAC055,String,9
205,BAC056,String,9
206,BAC057,String,9
207,BAC058,String,9
208,BAC059,String,9
209,BAC060,String,9
210,BAC061,String,9
211,BAC062,String,9
212,BSC001,String,3
213,BSC002,String,3
214,BSC003,String,3
215,BSC004,String,3
216,BSC011,String,9
217,BSC012,String,9
218,BSC013,String,9
219,BSC014,String,9
220,BSC015,String,9
221,BSC016,String,9
222,BSC017,String,9
223,BSC018,String,9
224,BSC019,String,9
225,BSC020,String,9
226,BSC021,String,9
227,BSC022,String,3
228,BSC023,String,3
229,BSC024,String,3
230,BSE024,String,3
231,DUM091,String,8
232,BSN024,String,3
233,BSC025,String,3
234,BSC026,String,3
235,BSC027,String,3
236,BSC028,String,3
237,BSC029,String,3
238,BSC030,String,3
239,BSC031,String,3
240,BSC032,String,3
241,BSC033,String,9
242,BSC034,String,9
243,BSC035,String,9
244,BSC036,String,9
245,BSC037,String,9
246,BSC038,String,9
247,BSC039,String,9
248,BSC040,String,9
249,BSC041,String,9
250,BSC042,String,9
251,BSC043,String,9
252,BSC044,String,3
253,BSC045,String,3
254,BSC046,String,3
255,BSC047,String,9
256,BSC048,String,9
257,BSC049,String,9
258,BSC050,String,9
259,BSC051,String,9
260,BSC052,String,9
261,BSC053,String,9
262,BSC054,String,9
263,BSC055,String,9
264,BSC056,String,9
265,BSC057,String,9
266,BSC058,String,9
267,BSC059,String,9
268,BSC060,String,9
269,BSC061,String,9
270,BSC062,String,9
271,BSC433,String,2
272,BSC135,String,9
273,BSE135,String,9
274,BSN135,String,9
275,CAC1  ,String,2
276,CAC10 ,String,9
277,CAC122,String,9
278,CAC13 ,String,2
279,CAC140,String,2
280,CAC150,String,2
281,CAC151,String,2
282,CAC152,String,2
283,CAC153,String,2
284,CAC2  ,String,2
285,CAC21 ,String,9
286,CAC22 ,String,9
287,CAC23 ,String,9
288,CAC24 ,String,2
289,CAC25 ,String,2
290,CAC250,String,2
291,CAC251,String,2
292,CAC252,String,2
293,CAC253,String,2
294,CAC3  ,String,2
295,CAC30 ,String,3
296,CAC4  ,String,3
297,CAC40 ,String,2
298,CAC41 ,String,3
299,CAC42 ,String,9
300,CAC54 ,String,2
301,CAC55 ,String,2
302,CAC65 ,String,2
303,CAC66 ,String,2
304,CAC67 ,String,2
305,CAC68 ,String,2
306,CAC8  ,String,9
307,CAC9  ,String,2
308,CAE1  ,String,2
309,CAE122,String,9
310,CAE13 ,String,2
311,CAE140,String,2
312,CAE150,String,2
313,CAE151,String,2
314,CAE152,String,2
315,CAE153,String,2
316,CAE21 ,String,9
317,CAE22 ,String,9
318,CAE23 ,String,9
319,CAE24 ,String,2
320,CAE25 ,String,2
321,CAE250,String,2
322,CAE251,String,2
323,CAE252,String,2
324,CAE253,String,2
325,CAE3  ,String,2
326,CAE30 ,String,3
327,CAE4  ,String,3
328,CAE40 ,String,2
329,CAE42 ,String,9
330,CAE54 ,String,2
331,CAE55 ,String,2
332,CAE65 ,String,2
333,CAE66 ,String,2
334,CAE67 ,String,2
335,CAE68 ,String,2
336,CAE8  ,String,9
337,CAN1  ,String,2
338,CAN122,String,9
339,CAN13 ,String,2
340,CAN140,String,2
341,CAN150,String,2
342,CAN151,String,2
343,CAN152,String,2
344,CAN153,String,2
345,CAN21 ,String,9
346,CAN22 ,String,9
347,CAN23 ,String,9
348,CAN24 ,String,2
349,CAN25 ,String,2
350,CAN250,String,2
351,CAN251,String,2
352,CAN252,String,2
353,CAN253,String,2
354,CAN3  ,String,2
355,CAN4  ,String,3
356,CAN40 ,String,2
357,CAN42 ,String,9
358,CAN54 ,String,2
359,CAN55 ,String,2
360,CAN65 ,String,2
361,CAN66 ,String,2
362,CAN67 ,String,2
363,CAN68 ,String,2
364,CAN8  ,String,9
365,CPCF01,String,9
366,CPCF04,String,3
367,CPCF05,String,3
368,CPCF06,String,3
369,CSC1  ,String,2
370,CSC10 ,String,9
371,CSC122,String,9
372,CSC13 ,String,2
373,CSC14 ,String,3
374,CSC140,String,2
375,CSC150,String,2
376,CSC151,String,2
377,CSC152,String,2
378,CSC153,String,2
379,CSC2  ,String,2
380,CSC21 ,String,9
381,CSC22 ,String,9
382,CSC23 ,String,9
383,CSC24 ,String,2
384,CSC25 ,String,2
385,CSC250,String,2
386,CSC251,String,2
387,CSC252,String,2
388,CSC253,String,2
389,CSC3  ,String,2
390,CSC30 ,String,3
391,CSC4  ,String,3
392,CSC40 ,String,2
393,CSC41 ,String,3
394,CSC42 ,String,9
395,CSC50 ,String,2
396,CSC51 ,String,2
397,CSC52 ,String,2
398,CSC53 ,String,2
399,CSC54 ,String,2
400,CSC55 ,String,2
401,CSC65 ,String,2
402,CSC66 ,String,2
403,CSC67 ,String,2
404,CSC68 ,String,2
405,CSC8  ,String,9
406,CSC9  ,String,2
407,CSE1  ,String,2
408,CSE122,String,9
409,CSE13 ,String,2
410,CSE140,String,2
411,CSE150,String,2
412,CSE151,String,2
413,CSE152,String,2
414,CSE153,String,2
415,CSE2  ,String,2
416,CSE21 ,String,9
417,CSE22 ,String,9
418,CSE23 ,String,9
419,CSE24 ,String,2
420,CSE25 ,String,2
421,CSE250,String,2
422,CSE251,String,2
423,CSE252,String,2
424,CSE253,String,2
425,CSE3  ,String,2
426,CSE30 ,String,3
427,CSE4  ,String,3
428,CSE40 ,String,2
429,CSE42 ,String,9
430,CSE54 ,String,2
431,CSE55 ,String,2
432,CSE65 ,String,2
433,CSE66 ,String,2
434,CSE67 ,String,2
435,CSE68 ,String,2
436,CSE8  ,String,9
437,CSN1  ,String,2
438,CSN122,String,9
439,CSN13 ,String,2
440,CSN140,String,2
441,CSN150,String,2
442,CSN151,String,2
443,CSN152,String,2
444,CSN153,String,2
445,CSN21 ,String,9
446,CSN22 ,String,9
447,CSN23 ,String,9
448,CSN24 ,String,2
449,CSN25 ,String,2
450,CSN250,String,2
451,CSN251,String,2
452,CSN252,String,2
453,CSN253,String,2
454,CSN3  ,String,2
455,CSN4  ,String,3
456,CSN40 ,String,2
457,CSN42 ,String,9
458,CSN54 ,String,2
459,CSN55 ,String,2
460,CSN65 ,String,2
461,CSN66 ,String,2
462,CSN67 ,String,2
463,CSN68 ,String,2
464,CSN8  ,String,9
465,NSC4,String,1
466,NSE4,String,1
467,NSN4,String,1
468,DUM044,String,1
469,EAC1  ,String,2
470,EAC14 ,String,2
471,EAC15 ,String,2
472,EAC19 ,String,2
473,EAC24 ,String,1
474,EAC3  ,String,2
475,EAC41 ,String,1
476,EAC7  ,String,2
477,EAE1  ,String,2
478,EAE14 ,String,2
479,EAE15 ,String,2
480,EAE3  ,String,2
481,EAE7  ,String,2
482,EAN1  ,String,2
483,EAN14 ,String,2
484,EAN3  ,String,2
485,EAN7  ,String,2
486,DUM092,String,8
487,DUM234,String,8
488,DUM235,String,8
489,DUM236,String,8
490,DUM237,String,8
491,EHC19 ,String,2
492,EHC24 ,String,1
493,EHC25 ,String,2
494,EHC26 ,String,2
495,EHC27 ,String,2
496,EHC28 ,String,4
497,EHC29 ,String,3
498,EHC3  ,String,2
499,EHC30 ,String,2
500,EHC4  ,String,3
501,EHC41 ,String,1
502,EHC7  ,String,2
503,EHC75 ,String,2
504,EHC76 ,String,2
505,EHC77 ,String,2
506,EHC78 ,String,4
507,EHC79 ,String,3
508,EHE19 ,String,2
509,EHE3  ,String,2
510,EHE7  ,String,2
511,EHN19 ,String,2
512,EHN3  ,String,2
513,EHN7  ,String,2
514,EOC14 ,String,2
515,EOC15 ,String,2
516,EOC19 ,String,2
517,EOC24 ,String,1
518,EOC41 ,String,1
519,EOC7  ,String,2
520,EOE14 ,String,2
521,EOE19 ,String,2
522,EOE7  ,String,2
523,EON14 ,String,2
524,EON19 ,String,2
525,EON7  ,String,2
526,EPCF11,String,3
527,EPCF12,String,3
528,EPCF15,String,3
529,EPCF19,String,3
530,ESC1  ,String,2
531,ESC14 ,String,2
532,ESC15 ,String,2
533,ESC24 ,String,1
534,ESC3  ,String,2
535,ESC41 ,String,1
536,ESE1  ,String,2
537,ESE14 ,String,2
538,ESE15 ,String,2
539,ESE3  ,String,2
540,ESE41 ,String,1
541,ESN1  ,String,2
542,ESN14 ,String,2
543,ESN3  ,String,2
544,ESN41 ,String,1
545,FAC304,String,2
546,FAE304,String,2
547,FAN304,String,2
548,FSC304,String,2
549,FSE304,String,2
550,FSN304,String,2
551,JAC172,String,9
552,JAC250,String,2
553,JAC350,String,2
554,JAC556,String,1
555,JAC560,String,1
556,JAE172,String,9
557,JAE560,String,1
558,JAN172,String,9
559,JAN560,String,1
560,JSC102,String,2
561,JSC172,String,9
562,JSC174,String,4
563,JSC199,String,2
564,JSC250,String,2
565,JSC251,String,4
566,JSC301,String,2
567,JSC303,String,2
568,JSC317,String,4
569,JSC318,String,4
570,JSC319,String,4
571,JSC320,String,4
572,JSC321,String,4
573,JSC350,String,2
574,JSC424,String,2
575,JSC439,String,2
576,JSC444,String,2
577,JSC501,String,2
578,JSC506,String,2
579,JSC507,String,4
580,JSC508,String,2
581,JSC517,String,3
582,JSC518,String,3
583,JSC531,String,2
584,JSC546,String,2
585,JSC547,String,2
586,JSC549,String,3
587,JSC550,String,3
588,JSC551,String,3
589,JSC556,String,1
590,JSC557,String,1
591,JSC558,String,1
592,JSC559,String,1
593,JSC560,String,1
594,JSC562,String,9
595,JSC564,String,1
596,JSC565,String,1
597,JSC566,String,1
598,JSC570,String,1
599,JSC572,String,1
600,JSC585,String,2
601,JSC587,String,2
602,JSC588,String,2
603,JSC617,String,4
604,JSC619,String,1
605,JSC621,String,1
606,JSC623,String,4
607,JSC687,String,1
608,JSC689,String,1
609,JSC690,String,1
610,JSC862,String,1
611,JSC864,String,2
612,JSC871,String,2
613,JSC877,String,2
614,JSC887,String,2
615,JSC888,String,2
616,JSC959,String,4
617,JSE172,String,9
618,JSE250,String,2
619,JSE560,String,1
620,JSN172,String,9
621,JSN250,String,2
622,JSN560,String,1
623,LAC056,String,1
624,LAC058,String,1
625,LAC072,String,2
626,LAC073,String,2
627,LAC074,String,2
628,LAC075,String,9
629,LAC077,String,2
630,LAE056,String,1
631,LAE058,String,1
632,LAE072,String,2
633,LAE073,String,2
634,LAE074,String,2
635,LAE075,String,9
636,LAE077,String,2
637,LAN056,String,1
638,LAN058,String,1
639,LAN072,String,2
640,LAN073,String,2
641,LAN074,String,2
642,LAN075,String,9
643,LAN077,String,2
644,LPCF10,String,3
645,LPCF13,String,3
646,LPCF14,String,3
647,LPCF18,String,3
648,LPCF20,String,9
649,LSC056,String,1
650,LSC058,String,1
651,LSC072,String,2
652,LSC073,String,2
653,LSC074,String,2
654,LSC075,String,9
655,LSC077,String,2
656,LSC898,String,1
657,LSE898,String,1
658,LSE056,String,1
659,LSE058,String,1
660,LSE072,String,2
661,LSE073,String,2
662,LSE074,String,2
663,LSE075,String,9
664,LSE077,String,2
665,LSN898,String,1
666,DUM048,String,1
667,LSN056,String,1
668,LSN058,String,1
669,LSN072,String,2
670,LSN073,String,2
671,LSN074,String,2
672,LSN075,String,9
673,LSN077,String,2
674,LSC899,String,1
675,LSE899,String,1
676,LSN899,String,1
677,DUM052,String,1
678,DUM001,String,2
679,DUM002,String,2
680,DUM003,String,2
681,DUM004,String,2
682,DUM053,String,1
683,DUM054,String,1
684,DUM055,String,1
685,DUM056,String,1
686,QSQ050,String,9
687,QSQ051,String,9
688,QSQ052,String,1
689,SAC1  ,String,2
690,SAC12 ,String,2
691,SAC13 ,String,2
692,SAC18 ,String,2
693,SAC2  ,String,2
694,SAC21 ,String,2
695,SAC23 ,String,2
696,SAC24 ,String,2
697,SAC26 ,String,2
698,SAC3  ,String,2
699,SAC4  ,String,2
700,SAC5  ,String,2
701,SAE12 ,String,2
702,SAE13 ,String,2
703,SAE2  ,String,2
704,SAE3  ,String,2
705,SAE4  ,String,2
706,SAE5  ,String,2
707,SAN12 ,String,2
708,SAN2  ,String,2
709,SAN3  ,String,2
710,SAN4  ,String,2
711,SAN5  ,String,2
712,SPCF16,String,3
713,SPCF17,String,3
714,SSC1  ,String,2
715,SSC12 ,String,2
716,SSC13 ,String,2
717,SSC18 ,String,2
718,SSC2  ,String,2
719,SSC21 ,String,2
720,SSC23 ,String,2
721,SSC24 ,String,2
722,SSC26 ,String,2
723,SSC3  ,String,2
724,SSC4  ,String,2
725,SSC5  ,String,2
726,SSC51 ,String,2
727,SSC53 ,String,2
728,SSC54 ,String,2
729,SSC55 ,String,2
730,SSC63 ,String,2
731,SSC64 ,String,2
732,SSE1  ,String,2
733,SSE12 ,String,2
734,SSE13 ,String,2
735,SSE18 ,String,2
736,SSE2  ,String,2
737,SSE21 ,String,2
738,SSE23 ,String,2
739,SSE24 ,String,2
740,SSE26 ,String,2
741,SSE3  ,String,2
742,SSE4  ,String,2
743,SSE5  ,String,2
744,SSN12 ,String,2
745,SSN2  ,String,2
746,SSN23 ,String,2
747,SSN26 ,String,2
748,SSN3  ,String,2
749,SSN4  ,String,2
750,SSN5  ,String,2
751,WCF089,String,9
752,WCF090,String,9
753,WCF091,String,3
754,WCF092,String,3
755,WCF093,String,3
756,WCF094,String,3
757,WCF095,String,3
758,WCF096,String,3
759,WCF097,String,3
760,WCF098,String,3
761,WCF099,String,3
762,WCF100,String,3
763,WCF101,String,3
764,WCF102,String,9
765,WCF103,String,9
766,WCF104,String,9
767,WCF107,String,3
768,WCF129,String,4
769,WCF141,String,4
770,WCF147,String,4
771,WCF154,String,9
772,WCF155,String,9
773,WCF159,String,9
774,WCF160,String,9
775,WCF161,String,9
776,WCF162,String,9
777,WCF169,String,9
778,WCF170,String,9
779,WCF171,String,9
780,WCF172,String,9
781,WCF174,String,9
782,WCF175,String,9
783,WCF176,String,9
784,WCF178,String,9
785,WCF179,String,9
786,WCF181,String,9
787,WCF182,String,9
788,WCF183,String,9
789,WCF184,String,9
790,WCF185,String,9
791,XPCF02,String,9
792,XPCF07,String,3
793,XPCF08,String,3
794,XPCF09,String,3
795,XPCF21,String,9
796,XPCF22,String,9
797,FAC004,String,2
798,FAC008,String,1
799,FAC009,String,9
800,FAC011,String,9
801,FAC015,String,4
802,FAC022,String,2
803,FAC023,String,2
804,FAC024,String,2
805,FAC025,String,2
806,FAC026,String,2
807,FAC027,String,2
808,FAC028,String,2
809,FAC030,String,1
810,FAC031,String,2
811,FAC103,String,9
812,FAC104,String,2
813,FAC108,String,1
814,FAC109,String,9
815,FAC111,String,9
816,FAC115,String,4
817,FAC116,String,1
818,FAC117,String,1
819,FAC118,String,1
820,FAC119,String,2
821,FAC120,String,2
822,FAC121,String,2
823,FAC122,String,2
824,FAC123,String,2
825,FAC124,String,2
826,FAC125,String,2
827,FAC126,String,2
828,FAC127,String,2
829,FAC128,String,2
830,FAC154,String,2
831,FAC158,String,1
832,FAC159,String,9
833,FAC160,String,2
834,FAC161,String,9
835,FAC165,String,4
836,FAC172,String,2
837,FAC173,String,2
838,FAC174,String,2
839,FAC175,String,2
840,FAC176,String,2
841,FAC177,String,2
842,FAC178,String,2
843,FAC200,String,2
844,FAC202,String,1
845,FAC251,String,7
846,FAC252,String,1
847,FAC255,String,2
848,FAC303,String,9
849,FAC308,String,1
850,FAC309,String,9
851,FAC311,String,9
852,FAC312,String,9
853,FAC313,String,9
854,FAC316,String,1
855,FAC317,String,1
856,FAC318,String,1
857,FAC330,String,2
858,FAC331,String,2
859,FAC374,String,2
860,FAC379,String,9
861,FAC381,String,9
862,FAC400,String,2
863,FAC402,String,1
864,FAE100,String,9
865,FAE103,String,9
866,FAE104,String,2
867,FAE108,String,1
868,FAE109,String,9
869,FAE111,String,9
870,FAE115,String,4
871,FAE116,String,1
872,FAE117,String,1
873,FAE118,String,1
874,FAE200,String,2
875,FAE202,String,1
876,FAE308,String,1
877,FAE309,String,9
878,FAE311,String,9
879,FAE312,String,9
880,FAE313,String,9
881,FAE316,String,1
882,FAE317,String,1
883,FAE318,String,1
884,FAE400,String,2
885,FAE402,String,1
886,FAN100,String,9
887,FAN103,String,9
888,FAN104,String,2
889,FAN108,String,1
890,FAN109,String,9
891,FAN111,String,9
892,FAN115,String,4
893,FAN116,String,1
894,FAN117,String,1
895,FAN118,String,1
896,FAN200,String,2
897,FAN202,String,1
898,FAN308,String,1
899,FAN309,String,9
900,FAN311,String,9
901,FAN312,String,9
902,FAN313,String,9
903,FAN316,String,1
904,FAN317,String,1
905,FAN318,String,1
906,FAN400,String,2
907,FAN402,String,1
908,BAC101,String,9
909,BAC107,String,9
910,BAC115,String,1
911,BAC116,String,1
912,BAC117,String,1
913,BAC118,String,1
914,BAC125,String,7
915,BAC126,String,7
916,BAC129,String,7
917,BAC135,String,9
918,BAC136,String,9
919,BAC137,String,9
920,BAC138,String,9
921,BAC139,String,1
922,BAC150,String,7
923,BAC158,String,9
924,BAC159,String,2
925,BAC160,String,2
926,BAC161,String,5
927,BAC162,String,5
928,BAC164,String,9
929,BAC168,String,4
930,BAC169,String,9
931,BAC170,String,9
932,BAC171,String,9
933,BAC175,String,9
934,BAC176,String,9
935,BAC177,String,9
936,BAC201,String,9
937,BAC207,String,9
938,BAC215,String,1
939,BAC216,String,1
940,BAC218,String,1
941,BAC225,String,7
942,BAC226,String,7
943,BAC229,String,7
944,BAC235,String,9
945,BAC236,String,9
946,BAC237,String,9
947,BAC238,String,9
948,BAC239,String,1
949,BAC250,String,7
950,BAC258,String,9
951,BAC259,String,2
952,BAC260,String,2
953,BAC261,String,5
954,BAC262,String,5
955,BAC264,String,9
956,BAC268,String,4
957,BAC275,String,9
958,BAC276,String,9
959,BAC277,String,9
960,BAC306,String,9
961,BAC307,String,9
962,BAC315,String,1
963,BAC317,String,1
964,BAC318,String,1
965,BAC325,String,7
966,BAC326,String,7
967,BAC329,String,7
968,BAC335,String,9
969,BAC336,String,9
970,BAC337,String,9
971,BAC338,String,9
972,BAC350,String,7
973,BAC358,String,9
974,BAC359,String,2
975,BAC360,String,2
976,BAC361,String,5
977,BAC362,String,5
978,BAC364,String,9
979,BAC368,String,4
980,BAC369,String,9
981,BAC370,String,9
982,BAC371,String,9
983,BAC375,String,9
984,BAC376,String,9
985,BAC377,String,9
986,BAC400,String,9
987,BAC401,String,9
988,BAC410,String,9
989,BAC412,String,9
990,BAC413,String,2
991,BAC415,String,1
992,BAC416,String,1
993,BAC417,String,1
994,BAC418,String,1
995,BAC424,String,9
996,BAC435,String,9
997,BAC436,String,9
998,BAC437,String,9
999,BAC438,String,9
1000,BAC439,String,1
1001,BAC440,String,2
1002,BAC444,String,2
1003,BAC445,String,1
1004,BAC446,String,2
1005,BAC453,String,2
1006,BAC455,String,1
1007,BAE410,String,9
1008,BAN410,String,9
1009,BSE935,String,9
1010,BSN935,String,9
1011,BSE410,String,9
1012,BSN410,String,9
1013,LAC101,String,2
1014,LAC102,String,2
1015,LAC157,String,2
1016,LAC172,String,9
1017,LAC173,String,2
1018,LAC174,String,4
1019,LAC175,String,1
1020,LAC202,String,2
1021,LAC203,String,2
1022,LAC204,String,2
1023,LAC250,String,2
1024,LAC251,String,4
1025,LAC301,String,2
1026,LAC303,String,2
1027,LAC315,String,4
1028,LAC318,String,4
1029,LAC320,String,4
1030,LAC321,String,4
1031,LAC325,String,2
1032,LAC328,String,2
1033,LAC350,String,2
1034,LAC424,String,2
1035,LAC439,String,2
1036,LAC444,String,2
1037,LAC473,String,3
1038,LAC507,String,4
1039,LAC510,String,2
1040,LAC526,String,2
1041,LAC546,String,2
1042,LAC547,String,2
1043,LAC549,String,3
1044,LAC550,String,3
1045,LAC551,String,3
1046,LAC556,String,1
1047,LAC557,String,1
1048,LAC558,String,1
1049,LAC559,String,1
1050,LAC560,String,1
1051,LAC565,String,1
1052,LAC568,String,1
1053,LAC570,String,1
1054,LAC572,String,1
1055,LAC585,String,2
1056,LAC586,String,2
1057,LAC587,String,2
1058,LAC588,String,2
1059,LAC589,String,2
1060,LAC591,String,2
1061,LAC595,String,9
1062,LAC596,String,9
1063,LAC597,String,9
1064,LAC598,String,9
1065,LAC599,String,9
1066,LAC617,String,4
1067,LAC619,String,1
1068,LAC621,String,1
1069,LAC689,String,1
1070,LAC823,String,2
1071,LAC850,String,2
1072,LAC862,String,1
1073,LAC871,String,2
1074,LAC887,String,2
1075,LAC888,String,2
1076,LAC889,String,2
1077,LAC890,String,2
1078,LAC891,String,2
1079,LAC892,String,2
1080,LAC893,String,2
1081,LAC929,String,2
1082,LAC930,String,2
1083,LAC958,String,4
1084,LAC959,String,4
1085,LAE102,String,2
1086,LAE172,String,9
1087,LAE173,String,2
1088,LAE174,String,4
1089,LAE175,String,1
1090,LAE204,String,2
1091,LAE251,String,4
1092,LAE301,String,2
1093,LAE303,String,2
1094,LAE315,String,4
1095,LAE350,String,2
1096,LAE424,String,2
1097,LAE473,String,3
1098,LAE526,String,2
1099,LAE549,String,3
1100,LAE550,String,3
1101,LAE551,String,3
1102,LAE556,String,1
1103,LAE557,String,1
1104,LAE558,String,1
1105,LAE559,String,1
1106,LAE560,String,1
1107,LAE565,String,1
1108,LAE568,String,1
1109,LAE570,String,1
1110,LAE572,String,1
1111,LAE595,String,9
1112,LAE597,String,9
1113,LAE599,String,9
1114,LAE617,String,4
1115,LAE862,String,1
1116,LAE929,String,2
1117,LAE930,String,2
1118,LAN172,String,9
1119,LAN173,String,2
1120,LAN174,String,4
1121,LAN175,String,1
1122,LAN204,String,2
1123,LAN250,String,2
1124,LAN251,String,4
1125,LAN301,String,2
1126,LAN303,String,2
1127,LAN315,String,4
1128,LAN350,String,2
1129,LAN424,String,2
1130,LAN473,String,3
1131,LAN526,String,2
1132,LAN549,String,3
1133,LAN550,String,3
1134,LAN551,String,3
1135,LAN556,String,1
1136,LAN557,String,1
1137,LAN558,String,1
1138,LAN559,String,1
1139,LAN560,String,1
1140,LAN565,String,1
1141,LAN568,String,1
1142,LAN570,String,1
1143,LAN572,String,1
1144,LAN595,String,9
1145,LAN597,String,9
1146,LAN599,String,9
1147,LAN617,String,4
1148,LAN862,String,1
1149,LAN929,String,2
1150,LAN930,String,2
1151,LSC101,String,2
1152,LSC102,String,2
1153,LSC157,String,2
1154,LSC172,String,9
1155,LSC173,String,2
1156,LSC174,String,4
1157,LSC175,String,1
1158,LSC176,String,9
1159,LSC199,String,2
1160,LSC202,String,2
1161,LSC203,String,2
1162,LSC204,String,2
1163,LSC250,String,2
1164,LSC251,String,4
1165,LSC300,String,2
1166,LSC301,String,2
1167,LSC302,String,2
1168,LSC303,String,2
1169,LSC315,String,4
1170,LSC318,String,4
1171,LSC319,String,4
1172,LSC320,String,4
1173,LSC321,String,4
1174,LSC322,String,2
1175,LSC323,String,2
1176,LSC324,String,2
1177,LSC325,String,2
1178,LSC326,String,2
1179,LSC327,String,2
1180,LSC328,String,2
1181,LSC330,String,9
1182,LSC339,String,9
1183,LSC340,String,9
1184,LSC350,String,2
1185,LSC424,String,2
1186,LSC439,String,2
1187,LSC444,String,2
1188,LSC471,String,3
1189,LSC472,String,3
1190,LSC473,String,3
1191,LSC506,String,2
1192,LSC507,String,4
1193,LSC508,String,2
1194,LSC509,String,2
1195,LSC510,String,2
1196,LSC511,String,2
1197,LSC517,String,3
1198,LSC518,String,3
1199,LSC526,String,2
1200,LSC531,String,2
1201,LSC546,String,2
1202,LSC547,String,2
1203,LSC549,String,3
1204,LSC550,String,3
1205,LSC551,String,3
1206,LSC556,String,1
1207,LSC557,String,1
1208,LSC558,String,1
1209,LSC559,String,1
1210,LSC560,String,1
1211,LSC564,String,1
1212,LSC565,String,1
1213,LSC566,String,1
1214,LSC568,String,1
1215,LSC570,String,1
1216,LSC572,String,1
1217,LSC585,String,2
1218,LSC586,String,2
1219,LSC587,String,2
1220,LSC588,String,2
1221,LSC589,String,2
1222,LSC591,String,2
1223,LSC593,String,2
1224,LSC595,String,9
1225,LSC596,String,9
1226,LSC597,String,9
1227,LSC598,String,9
1228,LSC599,String,9
1229,LSC617,String,4
1230,LSC619,String,1
1231,LSC621,String,1
1232,LSC623,String,4
1233,LSC689,String,1
1234,LSC690,String,1
1235,LSC750,String,4
1236,LSC823,String,2
1237,LSC850,String,2
1238,LSC862,String,1
1239,LSC867,String,1
1240,LSC871,String,2
1241,LSC874,String,1
1242,LSC887,String,2
1243,LSC888,String,2
1244,LSC889,String,2
1245,LSC890,String,2
1246,LSC891,String,2
1247,LSC892,String,2
1248,LSC893,String,2
1249,LSC929,String,2
1250,LSC930,String,2
1251,LSC940,String,2
1252,LSC941,String,2
1253,LSC942,String,2
1254,LSC943,String,2
1255,LSC944,String,9
1256,LSC945,String,4
1257,LSC958,String,4
1258,LSC959,String,4
1259,LSE101,String,2
1260,LSE102,String,2
1261,LSE172,String,9
1262,LSE173,String,2
1263,LSE174,String,4
1264,LSE175,String,1
1265,LSE202,String,2
1266,LSE203,String,2
1267,LSE204,String,2
1268,LSE250,String,2
1269,LSE251,String,4
1270,LSE300,String,2
1271,LSE301,String,2
1272,LSE302,String,2
1273,LSE303,String,2
1274,LSE315,String,4
1275,LSE320,String,4
1276,LSE350,String,2
1277,LSE424,String,2
1278,LSE439,String,2
1279,LSE473,String,3
1280,LSE507,String,4
1281,LSE526,String,2
1282,LSE546,String,2
1283,LSE547,String,2
1284,LSE549,String,3
1285,LSE550,String,3
1286,LSE551,String,3
1287,LSE556,String,1
1288,LSE557,String,1
1289,LSE558,String,1
1290,LSE559,String,1
1291,LSE560,String,1
1292,LSE564,String,1
1293,LSE565,String,1
1294,LSE568,String,1
1295,LSE570,String,1
1296,LSE572,String,1
1297,LSE595,String,9
1298,LSE597,String,9
1299,LSE598,String,9
1300,LSE599,String,9
1301,LSE617,String,4
1302,LSE619,String,1
1303,LSE621,String,1
1304,LSE823,String,2
1305,LSE850,String,2
1306,LSE862,String,1
1307,LSE871,String,2
1308,LSE890,String,2
1309,LSE929,String,2
1310,LSE930,String,2
1311,LSE944,String,9
1312,LSE945,String,4
1313,LSE958,String,4
1314,LSE959,String,4
1315,LSN102,String,2
1316,LSN172,String,9
1317,LSN173,String,2
1318,LSN174,String,4
1319,LSN175,String,1
1320,LSN204,String,2
1321,LSN250,String,2
1322,LSN251,String,4
1323,LSN300,String,2
1324,LSN301,String,2
1325,LSN302,String,2
1326,LSN303,String,2
1327,LSN315,String,4
1328,LSN320,String,4
1329,LSN350,String,2
1330,LSN424,String,2
1331,LSN473,String,3
1332,LSN507,String,4
1333,LSN526,String,2
1334,LSN547,String,2
1335,LSN549,String,3
1336,LSN550,String,3
1337,LSN551,String,3
1338,LSN556,String,1
1339,LSN557,String,1
1340,LSN558,String,1
1341,LSN559,String,1
1342,LSN560,String,1
1343,LSN565,String,1
1344,LSN568,String,1
1345,LSN570,String,1
1346,LSN572,String,1
1347,LSN595,String,9
1348,LSN597,String,9
1349,LSN599,String,9
1350,LSN617,String,4
1351,LSN621,String,1
1352,LSN823,String,2
1353,LSN862,String,1
1354,LSN929,String,2
1355,LSN930,String,2
1356,LSN944,String,9
1357,LSN945,String,4
1358,NAC110,String,9
1359,NAC135,String,9
1360,NAC136,String,9
1361,NAC137,String,9
1362,NAC138,String,9
1363,NAC150,String,9
1364,NAC200,String,9
1365,NAC310,String,9
1366,NAC410,String,9
1367,NAE200,String,9
1368,NAN200,String,9
1369,NSE200,String,9
1370,NSE203,String,9
1371,NSE224,String,2
1372,NSE410,String,9
1373,NSN200,String,9
1374,NSN203,String,9
1375,NSN224,String,2
1376,NSN410,String,9
1377,DAC107,String,9
1378,DAC115,String,1
1379,DAC116,String,1
1380,DAC117,String,1
1381,DAC118,String,1
1382,DAC125,String,7
1383,DAC126,String,7
1384,DAC129,String,7
1385,DAC135,String,9
1386,DAC136,String,9
1387,DAC137,String,9
1388,DAC138,String,9
1389,DAC139,String,1
1390,DAC150,String,7
1391,DAC159,String,2
1392,DAC160,String,2
1393,DAC161,String,5
1394,DAC164,String,9
1395,DAC168,String,4
1396,DAC169,String,9
1397,DAC175,String,9
1398,DAC176,String,9
1399,DAC177,String,9
1400,DAC215,String,1
1401,DAC216,String,1
1402,DAC225,String,7
1403,DAC226,String,7
1404,DAC235,String,9
1405,DAC238,String,9
1406,DAC250,String,7
1407,DAC262,String,5
1408,DAC277,String,9
1409,DAC401,String,9
1410,DAC402,String,9
1411,DAC410,String,9
1412,DAC412,String,9
1413,DAC413,String,2
1414,DAC416,String,1
1415,DAC418,String,1
1416,DAC435,String,9
1417,DAC436,String,9
1418,DAC437,String,9
1419,DAC438,String,9
1420,DAC439,String,1
1421,DAC453,String,2
1422,DAC455,String,1
1423,GAC106,String,9
1424,GAC115,String,1
1425,GAC116,String,1
1426,GAC117,String,1
1427,GAC118,String,1
1428,GAC125,String,7
1429,GAC126,String,7
1430,GAC129,String,7
1431,GAC135,String,9
1432,GAC136,String,9
1433,GAC137,String,9
1434,GAC138,String,9
1435,GAC139,String,1
1436,GAC150,String,7
1437,GAC159,String,2
1438,GAC160,String,2
1439,GAC161,String,5
1440,GAC164,String,9
1441,GAC168,String,4
1442,GAC169,String,9
1443,GAC170,String,9
1444,GAC171,String,9
1445,GAC175,String,9
1446,GAC176,String,9
1447,GAC177,String,9
1448,GAC215,String,1
1449,GAC216,String,1
1450,GAC217,String,1
1451,GAC218,String,1
1452,GAC235,String,9
1453,GAC236,String,9
1454,GAC238,String,9
1455,GAC239,String,1
1456,GAC258,String,9
1457,GAC259,String,2
1458,GAC262,String,5
1459,GAC268,String,4
1460,GAC269,String,9
1461,GAC400,String,9
1462,GAC401,String,9
1463,GAC402,String,9
1464,GAC410,String,9
1465,GAC412,String,9
1466,GAC413,String,2
1467,GAC416,String,1
1468,GAC418,String,1
1469,GAC424,String,9
1470,GAC435,String,9
1471,GAC436,String,9
1472,GAC437,String,9
1473,GAC438,String,9
1474,GAC439,String,1
1475,GAC450,String,9
1476,GAC453,String,2
1477,GAC454,String,1
1478,GAC455,String,1
1479,HAC410,String,9
1480,HAC413,String,2
1481,HAC415,String,1
1482,HAC435,String,9
1483,HAC436,String,9
1484,HAC437,String,9
1485,HAC438,String,9
1486,HAC453,String,2
1487,MAC401,String,9
1488,MAC410,String,9
1489,MAC413,String,2
1490,MAC415,String,1
1491,MAC416,String,1
1492,MAC417,String,1
1493,MAC423,String,9
1494,MAC424,String,9
1495,MAC453,String,2
1496,TAC002,String,1
1497,TAC004,String,9
1498,TAC101,String,9
1499,TAC107,String,9
1500,TAC115,String,1
1501,TAC116,String,1
1502,TAC117,String,1
1503,TAC118,String,1
1504,TAC125,String,7
1505,TAC126,String,7
1506,TAC129,String,7
1507,TAC135,String,9
1508,TAC136,String,9
1509,TAC137,String,9
1510,TAC138,String,9
1511,TAC139,String,1
1512,TAC150,String,7
1513,TAC158,String,9
1514,TAC159,String,2
1515,TAC160,String,2
1516,TAC161,String,5
1517,TAC162,String,5
1518,TAC164,String,9
1519,TAC168,String,4
1520,TAC169,String,9
1521,TAC170,String,9
1522,TAC171,String,9
1523,TAC175,String,9
1524,TAC176,String,9
1525,TAC177,String,9
1526,TAC315,String,1
1527,TAC335,String,9
1528,FSE009,String,9
1529,FSN009,String,9
1530,FSE100,String,9
1531,FSE103,String,9
1532,FSE104,String,2
1533,FSE105,String,9
1534,FSE108,String,1
1535,FSE109,String,9
1536,FSE111,String,9
1537,FSE115,String,4
1538,FSE116,String,1
1539,FSE117,String,1
1540,FSE118,String,1
1541,FSE190,String,9
1542,FSE191,String,9
1543,FSE192,String,9
1544,FSE193,String,9
1545,FSE194,String,9
1546,FSE200,String,2
1547,FSE202,String,1
1548,FSE308,String,1
1549,FSE309,String,9
1550,FSE311,String,9
1551,FSE312,String,9
1552,FSE313,String,9
1553,FSE316,String,1
1554,FSE317,String,1
1555,FSE318,String,1
1556,FSE359,String,9
1557,FSE390,String,9
1558,FSE391,String,9
1559,FSE392,String,9
1560,FSE393,String,9
1561,FSE394,String,9
1562,FSE400,String,2
1563,FSE402,String,1
1564,FSN100,String,9
1565,FSN103,String,9
1566,FSN104,String,2
1567,FSN105,String,9
1568,FSN108,String,1
1569,FSN109,String,9
1570,FSN111,String,9
1571,FSN115,String,4
1572,FSN116,String,1
1573,FSN117,String,1
1574,FSN118,String,1
1575,FSN190,String,9
1576,FSN191,String,9
1577,FSN192,String,9
1578,FSN193,String,9
1579,FSN194,String,9
1580,FSN200,String,2
1581,FSN202,String,1
1582,FSN308,String,1
1583,FSN309,String,9
1584,FSN311,String,9
1585,FSN312,String,9
1586,FSN313,String,9
1587,FSN316,String,1
1588,FSN317,String,1
1589,FSN318,String,1
1590,FSN359,String,9
1591,FSN390,String,9
1592,FSN391,String,9
1593,FSN392,String,9
1594,FSN393,String,9
1595,FSN394,String,9
1596,FSN400,String,2
1597,FSN402,String,1
1598,DSC101,String,9
1599,DSC106,String,9
1600,DSC107,String,9
1601,DSC115,String,1
1602,DSC116,String,1
1603,DSC117,String,1
1604,DSC118,String,1
1605,DSC125,String,7
1606,DSC126,String,7
1607,DSC129,String,7
1608,DSC135,String,9
1609,DSC136,String,9
1610,DSC137,String,9
1611,DSC138,String,9
1612,DSC139,String,1
1613,DSC150,String,7
1614,DSC159,String,2
1615,DSC160,String,2
1616,DSC161,String,5
1617,DSC164,String,9
1618,DSC168,String,9
1619,DSC169,String,9
1620,DSC175,String,9
1621,DSC176,String,9
1622,DSC177,String,9
1623,DSC215,String,1
1624,DSC216,String,1
1625,DSC225,String,7
1626,DSC226,String,7
1627,DSC235,String,9
1628,DSC238,String,9
1629,DSC250,String,7
1630,DSC262,String,5
1631,DSC277,String,9
1632,DSC401,String,9
1633,DSC402,String,9
1634,DSC410,String,9
1635,DSC412,String,9
1636,DSC413,String,2
1637,DSC416,String,1
1638,DSC418,String,1
1639,DSC435,String,9
1640,DSC436,String,9
1641,DSC437,String,9
1642,DSC438,String,9
1643,DSC439,String,1
1644,DSC453,String,2
1645,DSC455,String,1
1646,DSC478,String,2
1647,DSC901,String,9
1648,DSC902,String,9
1649,DSC910,String,9
1650,DSC912,String,9
1651,DSC913,String,2
1652,DSC916,String,1
1653,DSC918,String,1
1654,DSC925,String,4
1655,DSC929,String,2
1656,DSC930,String,2
1657,DSC931,String,2
1658,DSC932,String,2
1659,DSC933,String,2
1660,DSC935,String,9
1661,DSC936,String,9
1662,DSC937,String,9
1663,DSC938,String,9
1664,DSC939,String,1
1665,DSC953,String,2
1666,DSC955,String,1
1667,FSC004,String,2
1668,FSC008,String,1
1669,FSC009,String,9
1670,FSC011,String,9
1671,FSC015,String,4
1672,FSC022,String,2
1673,FSC023,String,2
1674,FSC024,String,2
1675,FSC025,String,2
1676,FSC026,String,2
1677,FSC027,String,2
1678,FSC028,String,2
1679,FSC030,String,1
1680,FSC031,String,2
1681,FSC100,String,9
1682,FSC103,String,9
1683,FSC104,String,2
1684,FSC105,String,9
1685,FSC108,String,1
1686,FSC109,String,9
1687,FSC111,String,9
1688,FSC115,String,4
1689,FSC116,String,1
1690,FSC117,String,1
1691,FSC118,String,1
1692,FSC119,String,2
1693,FSC120,String,2
1694,FSC121,String,2
1695,FSC122,String,2
1696,FSC123,String,2
1697,FSC124,String,2
1698,FSC125,String,2
1699,FSC126,String,2
1700,FSC127,String,2
1701,FSC128,String,2
1702,FSC154,String,2
1703,FSC158,String,1
1704,FSC159,String,9
1705,FSC160,String,2
1706,FSC161,String,9
1707,FSC165,String,4
1708,FSC172,String,2
1709,FSC173,String,2
1710,FSC174,String,2
1711,FSC175,String,2
1712,FSC176,String,2
1713,FSC177,String,2
1714,FSC178,String,2
1715,FSC190,String,9
1716,FSC191,String,9
1717,FSC192,String,9
1718,FSC193,String,9
1719,FSC194,String,9
1720,FSC200,String,2
1721,FSC201,String,7
1722,FSC202,String,1
1723,FSC205,String,2
1724,FSC251,String,7
1725,FSC252,String,1
1726,FSC255,String,2
1727,FSC300,String,9
1728,FSC303,String,9
1729,FSC305,String,9
1730,FSC308,String,1
1731,FSC309,String,9
1732,FSC311,String,9
1733,FSC312,String,9
1734,FSC313,String,9
1735,FSC316,String,1
1736,FSC317,String,1
1737,FSC318,String,1
1738,FSC330,String,2
1739,FSC331,String,2
1740,FSC354,String,2
1741,FSC358,String,1
1742,FSC359,String,9
1743,FSC361,String,9
1744,FSC365,String,4
1745,FSC374,String,2
1746,FSC378,String,1
1747,FSC379,String,9
1748,FSC381,String,9
1749,FSC385,String,4
1750,FSC390,String,9
1751,FSC391,String,9
1752,FSC392,String,9
1753,FSC393,String,9
1754,FSC394,String,9
1755,FSC400,String,2
1756,FSC401,String,7
1757,FSC402,String,1
1758,FSC405,String,2
1759,FSC900,String,2
1760,FSC901,String,7
1761,FSC902,String,1
1762,GSC101,String,9
1763,GSC106,String,9
1764,GSC115,String,1
1765,GSC116,String,1
1766,GSC117,String,1
1767,GSC118,String,1
1768,GSC125,String,7
1769,GSC126,String,7
1770,GSC129,String,7
1771,GSC135,String,9
1772,GSC136,String,9
1773,GSC137,String,9
1774,GSC138,String,9
1775,GSC139,String,1
1776,GSC150,String,7
1777,GSC159,String,2
1778,GSC160,String,2
1779,GSC161,String,5
1780,GSC164,String,9
1781,GSC168,String,4
1782,GSC169,String,9
1783,GSC170,String,9
1784,GSC171,String,9
1785,GSC175,String,9
1786,GSC176,String,9
1787,GSC177,String,9
1788,GSC215,String,1
1789,GSC216,String,1
1790,GSC217,String,1
1791,GSC218,String,1
1792,GSC235,String,9
1793,GSC236,String,9
1794,GSC238,String,9
1795,GSC239,String,1
1796,GSC258,String,9
1797,GSC259,String,2
1798,GSC262,String,5
1799,GSC268,String,4
1800,GSC269,String,9
1801,GSC400,String,9
1802,GSC401,String,9
1803,GSC402,String,9
1804,GSC410,String,9
1805,GSC412,String,9
1806,GSC413,String,2
1807,GSC416,String,1
1808,GSC418,String,1
1809,GSC424,String,9
1810,GSC435,String,9
1811,GSC436,String,9
1812,GSC437,String,9
1813,GSC438,String,9
1814,GSC439,String,1
1815,GSC450,String,9
1816,GSC453,String,2
1817,GSC454,String,1
1818,GSC455,String,1
1819,GSC478,String,2
1820,HSC410,String,9
1821,HSC413,String,2
1822,HSC415,String,1
1823,HSC435,String,9
1824,HSC436,String,9
1825,HSC437,String,9
1826,HSC438,String,9
1827,HSC453,String,2
1828,HSC478,String,2
1829,HSC910,String,9
1830,HSC913,String,2
1831,HSC915,String,1
1832,HSC935,String,9
1833,HSC936,String,9
1834,HSC937,String,9
1835,HSC938,String,9
1836,HSC953,String,2
1837,KHC001,String,3
1838,KHC002,String,9
1839,KHC003,String,4
1840,KHC004,String,2
1841,KHC005,String,1
1842,KHC006,String,1
1843,KHC007,String,1
1844,KHC008,String,8
1845,KHC020,String,8
1846,KHC021,String,2
1847,KHC022,String,3
1848,KHC040,String,1
1849,KHC041,String,7
1850,KHC042,String,2
1851,KHC043,String,1
1852,KHC044,String,7
1853,KHC045,String,2
1854,KHC125,String,1
1855,KHC201,String,1
1856,KHC204,String,3
1857,KHC205,String,8
1858,KHC310,String,3
1859,KSC150,String,3
1860,KSC151,String,9
1861,KSC153,String,8
1862,KSC154,String,2
1863,KSC155,String,3
1864,KSC156,String,9
1865,KSC157,String,9
1866,KSC158,String,9
1867,KSC159,String,9
1868,KSC160,String,9
1869,MSC401,String,9
1870,MSC410,String,9
1871,MSC413,String,2
1872,MSC415,String,1
1873,MSC416,String,1
1874,MSC417,String,1
1875,MSC423,String,9
1876,MSC424,String,9
1877,MSC453,String,2
1878,MSC478,String,2
1879,TSC001,String,1
1880,TSC002,String,1
1881,TSC003,String,9
1882,TSC004,String,9
1883,TSC005,String,2
1884,TSC013,String,2
1885,TSC025,String,4
1886,TSC101,String,9
1887,TSC107,String,9
1888,TSC115,String,1
1889,TSC116,String,1
1890,TSC117,String,1
1891,TSC118,String,1
1892,TSC125,String,7
1893,TSC126,String,7
1894,TSC129,String,7
1895,TSC135,String,9
1896,TSC136,String,9
1897,TSC137,String,9
1898,TSC138,String,9
1899,TSC139,String,1
1900,TSC150,String,7
1901,TSC158,String,9
1902,TSC159,String,2
1903,TSC160,String,2
1904,TSC161,String,5
1905,TSC162,String,5
1906,TSC164,String,9
1907,TSC168,String,4
1908,TSC169,String,9
1909,TSC170,String,9
1910,TSC171,String,9
1911,TSC175,String,9
1912,TSC176,String,9
1913,TSC177,String,9
1914,TSC315,String,1
1915,TSC335,String,9
1916,ZSC000,String,7
1917,ZSC001,String,7
1918,ZSC002,String,3
1919,ZSC003,String,3
1920,BSC101,String,9
1921,BSC107,String,9
1922,BSC115,String,1
1923,BSC116,String,1
1924,BSC117,String,1
1925,BSC118,String,1
1926,BSC125,String,7
1927,BSC126,String,7
1928,BSC129,String,7
1929,BSC136,String,9
1930,BSC137,String,9
1931,BSC138,String,9
1932,BSC139,String,1
1933,BSC150,String,7
1934,BSC158,String,9
1935,BSC159,String,2
1936,BSC160,String,2
1937,BSC161,String,5
1938,BSC162,String,5
1939,BSC164,String,9
1940,BSC168,String,4
1941,BSC169,String,9
1942,BSC170,String,9
1943,BSC171,String,9
1944,BSC175,String,9
1945,BSC176,String,9
1946,BSC177,String,9
1947,BSC201,String,9
1948,BSC207,String,9
1949,BSC215,String,1
1950,BSC216,String,1
1951,BSC218,String,1
1952,BSC225,String,7
1953,BSC226,String,7
1954,BSC229,String,7
1955,BSC235,String,9
1956,BSC236,String,9
1957,BSC237,String,9
1958,BSC238,String,9
1959,BSC239,String,1
1960,BSC250,String,7
1961,BSC258,String,9
1962,BSC259,String,2
1963,BSC260,String,2
1964,BSC261,String,5
1965,BSC262,String,5
1966,BSC264,String,9
1967,BSC268,String,4
1968,BSC275,String,9
1969,BSC276,String,9
1970,BSC277,String,9
1971,BSC301,String,9
1972,BSC306,String,9
1973,BSC307,String,9
1974,BSC315,String,1
1975,BSC317,String,1
1976,BSC318,String,1
1977,BSC325,String,7
1978,BSC326,String,7
1979,BSC329,String,7
1980,BSC335,String,9
1981,BSC336,String,9
1982,BSC337,String,9
1983,BSC338,String,9
1984,BSC350,String,7
1985,BSC358,String,9
1986,BSC359,String,2
1987,BSC360,String,2
1988,BSC361,String,5
1989,BSC362,String,5
1990,BSC364,String,9
1991,BSC368,String,4
1992,BSC369,String,9
1993,BSC370,String,9
1994,BSC371,String,9
1995,BSC375,String,9
1996,BSC376,String,9
1997,BSC377,String,9
1998,BSC400,String,9
1999,BSC401,String,9
2000,BSC410,String,9
2001,BSC412,String,9
2002,BSC413,String,2
2003,BSC415,String,1
2004,BSC416,String,1
2005,BSC417,String,1
2006,BSC418,String,1
2007,BSC423,String,9
2008,BSC424,String,9
2009,BSC425,String,4
2010,BSC435,String,9
2011,BSC436,String,9
2012,BSC437,String,9
2013,BSC438,String,9
2014,BSC439,String,1
2015,BSC440,String,2
2016,BSC441,String,2
2017,BSC442,String,2
2018,BSC443,String,2
2019,BSC444,String,2
2020,BSC445,String,2
2021,BSC446,String,2
2022,BSC447,String,2
2023,BSC448,String,2
2024,BSC449,String,2
2025,BSC450,String,9
2026,BSC453,String,2
2027,BSC455,String,1
2028,BSC459,String,2
2029,BSC460,String,2
2030,BSC461,String,5
2031,BSC462,String,5
2032,BSC464,String,9
2033,BSC468,String,4
2034,BSC469,String,9
2035,BSC470,String,9
2036,BSC476,String,9
2037,BSC477,String,9
2038,BSC478,String,2
2039,BSC900,String,9
2040,BSC901,String,9
2041,BSC910,String,9
2042,BSC912,String,9
2043,BSC913,String,2
2044,BSC915,String,1
2045,BSC916,String,1
2046,BSC917,String,1
2047,BSC918,String,1
2048,BSC923,String,9
2049,BSC924,String,9
2050,BSC925,String,4
2051,BSC929,String,2
2052,BSC930,String,2
2053,BSC931,String,2
2054,BSC932,String,2
2055,BSC933,String,2
2056,BSC935,String,9
2057,BSC936,String,9
2058,BSC937,String,9
2059,BSC938,String,9
2060,BSC939,String,1
2061,BSC950,String,9
2062,BSC953,String,2
2063,BSC955,String,1
2064,BSC959,String,2
2065,BSC960,String,2
2066,BSC961,String,5
2067,BSC962,String,5
2068,BSC964,String,9
2069,BSC968,String,4
2070,BSC969,String,9
2071,BSC970,String,9
2072,BSC976,String,9
2073,BSC977,String,9
2074,NSC110,String,9
2075,NSC135,String,9
2076,NSC136,String,9
2077,NSC137,String,9
2078,NSC138,String,9
2079,NSC150,String,9
2080,NSC200,String,9
2081,NSC201,String,1
2082,NSC202,String,9
2083,NSC203,String,9
2084,NSC205,String,2
2085,NSC206,String,2
2086,NSC221,String,9
2087,NSC222,String,9
2088,NSC223,String,2
2089,NSC224,String,2
2090,NSC225,String,2
2091,NSC226,String,9
2092,NSC227,String,9
2093,NSC310,String,9
2094,NSC410,String,9
2095,NSC910,String,9
