<?xml version="1.0"?>
<Autosys>
	<Job>
		<StartTime>12:00</StartTime>
		<EndTime>14:60</EndTime>
		<JobInstance>P00</JobInstance>
		<JobName>cro_%_b_scs_checkingtalisman</JobName>
		<EmailAddress>ashukush@in.ibm.com</EmailAddress>
		<GreenFlag>SUCCESS,TERMINATED,INACTIVE</GreenFlag>
	</Job>
	<Job>
		<StartTime>12:20</StartTime>
		<EndTime>12:30</EndTime>
		<JobInstance>P00</JobInstance>
		<JobName>cro_%_b_scs_checkingtalisman</JobName>
		<EmailAddress>kent.george@barclays.com</EmailAddress>
		<GreenFlag>SUCCESS,TERMINATED,INACTIVE</GreenFlag>
	</Job>
</Autosys>