<?xml version="1.0" encoding="utf-8"?>

<JobStatus>

    <Status>TERMINATED</Status>

    <Status>TERMINATED</Status>

    <Status>INACTIVE</Status>

    <Status>INACTIVE</Status>

    <Status>INACTIVE</Status>

    <Status>TERMINATED</Status>

    <Status>TERMINATED</Status>

    <Status>INACTIVE</Status>

    <Status>INACTIVE</Status>

    <Status>INACTIVE</Status>

    <Status>SUCCESS</Status>

    <Status>SUCCESS</Status>

    <Status>SUCCESS</Status>

    <Status>SUCCESS</Status>

    <Status>SUCCESS</Status>

</JobStatus>

