{"A_B":{"to":"","from":"","msg":"","room":"","attachments":""},"G01102880_1_1494929717868":{"to":"JGroup","from":"G01102880","msg":"<h1>Sonar Installation</h1>","room":"Sonar Installation","attachments":""},"G01102880_2_1494929771487":{"to":"JGroup","from":"G01102880","msg":"<ul>\n<li>1.</li></ul>","room":"Sonar Installation","attachments":""},"G01102880_3_1494930533101":{"to":"JGroup","from":"G01102880","msg":"imgUploader_1494930518604~~Sonar.zip","room":"Sonar Installation","attachments":"imgUploader_1494930518604~~Sonar.zip"},"G01102880_1_1494934529621":{"to":"JGroup","from":"G01102880","msg":"test","room":"Sonar Installation","attachments":""},"G01102880_1_1494998075991":{"to":"JGroup","from":"G01102880","msg":"hi","room":"Sonar Installation","attachments":""},"G01102880_4_1495001915554":{"to":"JGroup","from":"G01102880","msg":"imgUploader_1495001913777~~dashboard.css","room":"Sonar Installation","attachments":"imgUploader_1495001913777~~dashboard.css"},"G01102880_5_1495002559217":{"to":"JGroup","from":"G01102880","msg":"check sc","room":"Sonar Installation","attachments":""},"G01102880_6_1495002563693":{"to":"JGroup","from":"G01102880","msg":"perform it","room":"Sonar Installation","attachments":""},"G01102880_7_1495002567531":{"to":"JGroup","from":"G01102880","msg":"asdfasdf","room":"Sonar Installation","attachments":""},"G01102880_8_1495002570426":{"to":"JGroup","from":"G01102880","msg":"wergwer","room":"Sonar Installation","attachments":""},"G01102880_9_1495002574033":{"to":"JGroup","from":"G01102880","msg":"asdifjitoj","room":"Sonar Installation","attachments":""},"G01102880_10_1495002578322":{"to":"JGroup","from":"G01102880","msg":"iodjaiwoerjfiwjf","room":"Sonar Installation","attachments":""},"G01102880_38_1495009745250":{"to":"JGroup","from":"G01102880","msg":"hi","room":"Sonar Installation","attachments":""},"G01102880_39_1495009793096":{"to":"JGroup","from":"G01102880","msg":"3","room":"Sonar Installation","attachments":""},"kgoyal_40_1495018289984":{"to":"JGroup","from":"kgoyal","msg":"Hi","room":"testing","attachments":""},"G01102880_41_1495097757654":{"to":"JGroup","from":"G01102880","msg":"hello","room":"Test","attachments":""},"DummyUser1495170447390_1_1495170480870":{"to":"JGroup","from":"DummyUser1495170447390","msg":"Hi K Goyal","room":"testing","attachments":""},"DummyUser1495175548552_1_1495175562968":{"to":"JGroup","from":"DummyUser1495175548552","msg":"hello","room":"Test","attachments":""},"DummyUser1495175548552_2_1495175584970":{"to":"JGroup","from":"DummyUser1495175548552","msg":"Correlation service","room":"Test","attachments":""},"DummyUser1495175758653_1_1495175777521":{"to":"JGroup","from":"DummyUser1495175758653","msg":"hello","room":"Test","attachments":""},"DummyUser1495175758653_2_1495175811879":{"to":"JGroup","from":"DummyUser1495175758653","msg":"assign","room":"Test","attachments":""},"DummyUser1495175851590_1_1495175881278":{"to":"JGroup","from":"DummyUser1495175851590","msg":"correlation service","room":"Test","attachments":""},"DummyUser1495176056911_1_1495176082386":{"to":"JGroup","from":"DummyUser1495176056911","msg":"document extraction","room":"testing","attachments":""}}