{"user":{"mobile":"","name":"","id":"","lastping":0,"profilePic":""},"Ravindra":{"mobile":"Ravindra","name":"Ravindra","id":11,"lastping":1494932269780,"profilePic":"Profile_1494918022943~~17.4.8.JPG"},"G01102880":{"mobile":"","name":"G01102880","id":13,"lastping":1495098023917,"profilePic":"Profile_1494927867752~~0560ca6.jpg"},"uddaphal":{"mobile":"uday","name":"uddaphal","id":11,"lastping":1494994085452,"profilePic":"Default.jpg"},"DummyUser1494918686999":{"mobile":"","name":"DummyUser1494918686999","id":4,"lastping":1494922247933,"profilePic":"Default.jpg"},"DummyUser1494921347719":{"mobile":"","name":"DummyUser1494921347719","id":5,"lastping":1494921349818,"profilePic":"Default.jpg"},"DummyUser1494921388658":{"mobile":"","name":"DummyUser1494921388658","id":6,"lastping":1494921475240,"profilePic":"Default.jpg"},"DummyUser1494921547327":{"mobile":"","name":"DummyUser1494921547327","id":7,"lastping":1494921620861,"profilePic":"Default.jpg"},"DummyUser1494922141648":{"mobile":"","name":"DummyUser1494922141648","id":8,"lastping":1494922276676,"profilePic":"Default.jpg"},"DummyUser1494922278001":{"mobile":"","name":"DummyUser1494922278001","id":9,"lastping":1494922652821,"profilePic":"Default.jpg"},"DummyUser1494922668719":{"mobile":"","name":"DummyUser1494922668719","id":10,"lastping":1494922706896,"profilePic":"Default.jpg"},"DummyUser1495003925297":{"mobile":"","name":"DummyUser1495003925297","id":11,"lastping":1495004006820,"profilePic":"Default.jpg"},"kgoyal":{"mobile":"","name":"kgoyal","id":12,"lastping":1495020900798,"profilePic":"Default.jpg"},"DummyUser1495097372765":{"mobile":"Rashi","name":"DummyUser1495097372765","id":13,"lastping":1495097380735,"profilePic":"Default.jpg"},"rashijoshi":{"mobile":"Rashi","name":"rashijoshi","id":14,"lastping":1495098253467,"profilePic":"Default.jpg"},"Devansh":{"mobile":"Devansh","name":"Devansh","id":15,"lastping":1495173394441,"profilePic":"Default.jpg"},"DummyUser1495170447390":{"mobile":"","name":"DummyUser1495170447390","id":16,"lastping":1495170966914,"profilePic":"Default.jpg"},"DummyUser1495170968784":{"mobile":"","name":"DummyUser1495170968784","id":17,"lastping":1495170971251,"profilePic":"Default.jpg"},"DummyUser1495171477707":{"mobile":"","name":"DummyUser1495171477707","id":18,"lastping":1495171479151,"profilePic":"Default.jpg"},"DummyUser1495171523943":{"mobile":"","name":"DummyUser1495171523943","id":19,"lastping":1495173393250,"profilePic":"Default.jpg"},"DummyUser1495175425079":{"mobile":"","name":"DummyUser1495175425079","id":20,"lastping":1495175466507,"profilePic":"Default.jpg"},"DummyUser1495175468481":{"mobile":"","name":"DummyUser1495175468481","id":21,"lastping":1495175526705,"profilePic":"Default.jpg"},"DummyUser1495175528067":{"mobile":"","name":"DummyUser1495175528067","id":22,"lastping":1495175548383,"profilePic":"Default.jpg"},"DummyUser1495175548552":{"mobile":"","name":"DummyUser1495175548552","id":23,"lastping":1495175755417,"profilePic":"Default.jpg"},"DummyUser1495175758653":{"mobile":"","name":"DummyUser1495175758653","id":24,"lastping":1495175849653,"profilePic":"Default.jpg"},"DummyUser1495175851590":{"mobile":"","name":"DummyUser1495175851590","id":25,"lastping":1495176054170,"profilePic":"Default.jpg"},"DummyUser1495176056911":{"mobile":"","name":"DummyUser1495176056911","id":26,"lastping":1495176426193,"profilePic":"Default.jpg"}}